setup_id,task_id,outcome,minutes,nudges,errors,invented_source
S1,T01,2,8,1,0,0
S1,T02,2,12,1,0,0
S1,T03,2,10,1,0,0
S1,T04,2,9,1,0,0
S1,T05,2,6,0,0,0
S1,T06,2,8,1,0,0
S1,T07,1,35,4,1,0
S1,T08,2,5,0,0,0
S1,T09,2,6,0,0,0
S1,T10,2,2,0,0,0
S1,T11,2,15,1,0,0
S1,T12,1,20,3,0,0
S2,T01,1,18,3,1,0
S2,T02,1,25,3,1,0
S2,T03,1,30,4,2,0
S2,T04,1,20,2,1,1
S2,T05,2,8,1,0,0
S2,T06,1,15,2,0,0
S2,T07,1,50,6,2,0
S2,T08,2,6,0,0,0
S2,T09,0,10,1,0,0
S2,T10,0,4,1,1,1
S2,T11,1,30,3,2,0
S2,T12,0,25,4,0,0
S3,T01,2,10,1,0,0
S3,T02,2,15,2,0,0
S3,T03,2,15,2,1,0
S3,T04,1,15,2,1,0
S3,T05,2,7,0,0,0
S3,T06,2,10,1,0,0
S3,T07,1,40,5,1,0
S3,T08,2,6,0,0,0
S3,T09,1,12,2,0,0
S3,T10,1,3,1,1,0
S3,T11,1,25,2,1,0
S3,T12,1,25,3,0,0
S4,T01,1,15,2,1,0
S4,T02,1,20,3,1,0
S4,T03,1,25,3,1,0
S4,T04,1,18,2,1,0
S4,T05,1,10,1,1,0
S4,T06,1,12,2,0,0
S4,T07,0,45,6,3,0
S4,T08,2,6,0,0,0
S4,T09,0,8,1,0,0
S4,T10,2,2,0,0,0
S4,T11,0,20,2,2,0
S4,T12,0,20,3,0,0
