model_id,benchmark_id,value,source,date
# FICTIONAL numbers for demonstration only. Not real products.,,,,
M1,gdpval_aa,60,example,2026-10-01
M1,aa_omniscience_nonhalluc,70,example,2026-10-01
M1,tau_bench,82,example,2026-10-01
M1,metr_horizon_50_hours,14,example,2026-10-01
M1,lmarena_text_elo,1500,example,2026-10-01
M1,terminal_bench,75,example,2026-10-01
M1,aa_lcr,70,example,2026-10-01
M1,swe_bench_pro,55,example,2026-10-01
M2,gdpval_aa,54,example,2026-10-01
M2,aa_omniscience_nonhalluc,48,example,2026-10-01
M2,tau_bench,80,example,2026-10-01
M2,metr_horizon_50_hours,6,example,2026-10-01
M2,lmarena_text_elo,1471,example,2026-10-01
M2,terminal_bench,70,example,2026-10-01
M2,aa_lcr,62,example,2026-10-01
M2,swe_bench_pro,51,example,2026-10-01
M3,gdpval_aa,35,example,2026-10-01
M3,aa_omniscience_nonhalluc,55,example,2026-10-01
M3,tau_bench,65,example,2026-10-01
M3,metr_horizon_50_hours,2,example,2026-10-01
M3,lmarena_text_elo,1420,example,2026-10-01
M3,terminal_bench,45,example,2026-10-01
M3,aa_lcr,40,example,2026-10-01
M4,aa_omniscience_nonhalluc,40,example,2026-10-01
M4,tau_bench,55,example,2026-10-01
M4,lmarena_text_elo,1380,example,2026-10-01
